{"steering_neutral": -2.1665789906314545, "depth_neutral": 0.6241975695546821}