{"steering_neutral": 3.3871148473240775, "right_pinch_neutral": 0.2117309008677522, "left_pinch_neutral": 0.22469278181006463}